"","gen_id","plant_id","id","segment","cut","zoom","repetition","name","type","value","gtype"
"1","A","A06",1,"S1","C01","Z04","02","secondarygrowth","param",1,"w"
"2","A","A06",1,"S1","C01","Z04","02","randomness","param",3,"w"
"3","A","A06",1,"S1","C01","Z04","02","planttype","param",2,"w"
"4","A","A06",1,"S1","C01","Z04","02","aerenchyma","proportion",0,"w"
"5","A","A06",1,"S1","C01","Z04","02","aerenchyma","n_files",10,"w"
"6","A","A06",1,"S1","C01","Z04","02","xylem","n_files",43,"w"
"7","A","A06",1,"S1","C01","Z04","02","xylem","max_size",3167.425,"w"
"8","A","A06",1,"S1","C01","Z04","02","xylem","mean_size",1445.56660465116,"w"
"9","A","A06",1,"S1","C01","Z04","02","xylem","order",1.5,"w"
"10","A","A06",1,"S1","C01","Z04","02","stele","cell_diameter",0.0126563605609099,"w"
"11","A","A06",1,"S1","C01","Z04","02","stele","SD",151.683664814611,"w"
"12","A","A06",1,"S1","C01","Z04","02","stele","mean_size",514.262464285714,"w"
"13","A","A06",1,"S1","C01","Z04","02","phloem","max_size",0.021299206914433,"w"
"14","A","A06",1,"S1","C01","Z04","02","stele","totarea",2698788.343,"w"
"15","A","A06",1,"S1","C01","Z04","02","stele","order",1,"w"
"16","A","A06",1,"S1","C01","Z04","02","cortex","cell_diameter",0.0868475,"w"
"17","A","A06",1,"S1","C01","Z04","02","cortex","order",4,"w"
"18","A","A06",1,"S1","C01","Z04","02","endodermis","cell_diameter",0.0779205,"w"
"19","A","A06",1,"S1","C01","Z04","02","endodermis","n_layers",1,"w"
"20","A","A06",1,"S1","C01","Z04","02","endodermis","order",3,"w"
"21","A","A06",1,"S1","C01","Z04","02","exodermis","cell_diameter",0.0868475,"w"
"22","A","A06",1,"S1","C01","Z04","02","exodermis","n_layers",1,"w"
"23","A","A06",1,"S1","C01","Z04","02","exodermis","order",5,"w"
"24","A","A06",1,"S1","C01","Z04","02","epidermis","cell_diameter",0.0868475,"w"
"25","A","A06",1,"S1","C01","Z04","02","epidermis","n_layers",1,"w"
"26","A","A06",1,"S1","C01","Z04","02","epidermis","order",6,"w"
"27","A","A06",1,"S1","C01","Z04","02","pericycle","cell_diameter",0.0345488333333333,"w"
"28","A","A06",1,"S1","C01","Z04","02","pericycle","order",2,"w"
"29","A","A06",1,"S1","C01","Z04","02","pericycle","n_layers",1,"w"
"30","A","A06",1,"S1","C01","Z04","02","endodermis","barrier",2,"w"
"31","A","A06",1,"S1","C01","Z04","02","exodermis","barrier",2,"w"
"32","A","A06",1,"S1","C01","Z04","02","stele","n_layers",20,"w"
"33","A","A06",1,"S1","C01","Z04","02","stele","layer_diameter",1.926,"w"
"34","A","A06",1,"S1","C01","Z04","02","cortex","n_layers",4,"w"
"35","A","A06",1,"S1","C01","Z04","02","phloem","n_files",5,"w"
"36","A","A06",1,"S1","C01","Z04","02","phloem","proportion",0.136033229491173,"w"
"37","A","A06",2,"S2","C03","Z10","01","secondarygrowth","param",1,"w"
"38","A","A06",2,"S2","C03","Z10","01","randomness","param",3,"w"
"39","A","A06",2,"S2","C03","Z10","01","planttype","param",2,"w"
"40","A","A06",2,"S2","C03","Z10","01","aerenchyma","proportion",0,"w"
"41","A","A06",2,"S2","C03","Z10","01","aerenchyma","n_files",10,"w"
"42","A","A06",2,"S2","C03","Z10","01","xylem","n_files",27,"w"
"43","A","A06",2,"S2","C03","Z10","01","xylem","max_size",4622.948,"w"
"44","A","A06",2,"S2","C03","Z10","01","xylem","mean_size",1617.13066666667,"w"
"45","A","A06",2,"S2","C03","Z10","01","xylem","order",1.5,"w"
"46","A","A06",2,"S2","C03","Z10","01","stele","cell_diameter",0.00753259898921514,"w"
"47","A","A06",2,"S2","C03","Z10","01","stele","SD",83.2185605172422,"w"
"48","A","A06",2,"S2","C03","Z10","01","stele","mean_size",185.90819047619,"w"
"49","A","A06",2,"S2","C03","Z10","01","phloem","max_size",0.026779,"w"
"50","A","A06",2,"S2","C03","Z10","01","stele","totarea",456082.43,"w"
"51","A","A06",2,"S2","C03","Z10","01","stele","order",1,"w"
"52","A","A06",2,"S2","C03","Z10","01","cortex","cell_diameter",0.047992375,"w"
"53","A","A06",2,"S2","C03","Z10","01","cortex","order",4,"w"
"54","A","A06",2,"S2","C03","Z10","01","endodermis","cell_diameter",0.0387948333333333,"w"
"55","A","A06",2,"S2","C03","Z10","01","endodermis","n_layers",1,"w"
"56","A","A06",2,"S2","C03","Z10","01","endodermis","order",3,"w"
"57","A","A06",2,"S2","C03","Z10","01","exodermis","cell_diameter",0.047992375,"w"
"58","A","A06",2,"S2","C03","Z10","01","exodermis","n_layers",1,"w"
"59","A","A06",2,"S2","C03","Z10","01","exodermis","order",5,"w"
"60","A","A06",2,"S2","C03","Z10","01","epidermis","cell_diameter",0.047992375,"w"
"61","A","A06",2,"S2","C03","Z10","01","epidermis","n_layers",1,"w"
"62","A","A06",2,"S2","C03","Z10","01","epidermis","order",6,"w"
"63","A","A06",2,"S2","C03","Z10","01","pericycle","cell_diameter",0.028889625,"w"
"64","A","A06",2,"S2","C03","Z10","01","pericycle","order",2,"w"
"65","A","A06",2,"S2","C03","Z10","01","pericycle","n_layers",1,"w"
"66","A","A06",2,"S2","C03","Z10","01","endodermis","barrier",1,"w"
"67","A","A06",2,"S2","C03","Z10","01","exodermis","barrier",2,"w"
"68","A","A06",2,"S2","C03","Z10","01","stele","n_layers",20,"w"
"69","A","A06",2,"S2","C03","Z10","01","stele","layer_diameter",0.7638,"w"
"70","A","A06",2,"S2","C03","Z10","01","cortex","n_layers",4,"w"
"71","A","A06",2,"S2","C03","Z10","01","phloem","n_files",4,"w"
"72","A","A06",2,"S2","C03","Z10","01","phloem","proportion",0.162267609321812,"w"
"73","A","A06",3,"S4","C01","Z20","01","secondarygrowth","param",1,"w"
"74","A","A06",3,"S4","C01","Z20","01","randomness","param",3,"w"
"75","A","A06",3,"S4","C01","Z20","01","planttype","param",2,"w"
"76","A","A06",3,"S4","C01","Z20","01","aerenchyma","proportion",0,"w"
"77","A","A06",3,"S4","C01","Z20","01","aerenchyma","n_files",10,"w"
"78","A","A06",3,"S4","C01","Z20","01","xylem","n_files",7,"w"
"79","A","A06",3,"S4","C01","Z20","01","xylem","max_size",316.938,"w"
"80","A","A06",3,"S4","C01","Z20","01","xylem","mean_size",151.357285714286,"w"
"81","A","A06",3,"S4","C01","Z20","01","xylem","order",1.5,"w"
"82","A","A06",3,"S4","C01","Z20","01","stele","cell_diameter",0.00354545667593465,"w"
"83","A","A06",3,"S4","C01","Z20","01","stele","SD",18.3441633422534,"w"
"84","A","A06",3,"S4","C01","Z20","01","stele","mean_size",41.552,"w"
"85","A","A06",3,"S4","C01","Z20","01","phloem","max_size",0.00473092642193939,"w"
"86","A","A06",3,"S4","C01","Z20","01","stele","totarea",8154.875,"w"
"87","A","A06",3,"S4","C01","Z20","01","stele","order",1,"w"
"88","A","A06",3,"S4","C01","Z20","01","cortex","cell_diameter",0.018625125,"w"
"89","A","A06",3,"S4","C01","Z20","01","cortex","order",4,"w"
"90","A","A06",3,"S4","C01","Z20","01","endodermis","cell_diameter",0.0129587333333333,"w"
"91","A","A06",3,"S4","C01","Z20","01","endodermis","n_layers",1,"w"
"92","A","A06",3,"S4","C01","Z20","01","endodermis","order",3,"w"
"93","A","A06",3,"S4","C01","Z20","01","exodermis","cell_diameter",0.0246547,"w"
"94","A","A06",3,"S4","C01","Z20","01","exodermis","n_layers",1,"w"
"95","A","A06",3,"S4","C01","Z20","01","exodermis","order",5,"w"
"96","A","A06",3,"S4","C01","Z20","01","epidermis","cell_diameter",0.0146902,"w"
"97","A","A06",3,"S4","C01","Z20","01","epidermis","n_layers",1,"w"
"98","A","A06",3,"S4","C01","Z20","01","epidermis","order",6,"w"
"99","A","A06",3,"S4","C01","Z20","01","pericycle","cell_diameter",0.0095091052631579,"w"
"100","A","A06",3,"S4","C01","Z20","01","pericycle","order",2,"w"
"101","A","A06",3,"S4","C01","Z20","01","pericycle","n_layers",1,"w"
"102","A","A06",3,"S4","C01","Z20","01","endodermis","barrier",0,"w"
"103","A","A06",3,"S4","C01","Z20","01","exodermis","barrier",1,"w"
"104","A","A06",3,"S4","C01","Z20","01","stele","n_layers",7,"w"
"105","A","A06",3,"S4","C01","Z20","01","stele","layer_diameter",0.1,"w"
"106","A","A06",3,"S4","C01","Z20","01","cortex","n_layers",5,"w"
"107","A","A06",3,"S4","C01","Z20","01","phloem","n_files",1,"w"
"108","A","A06",3,"S4","C01","Z20","01","phloem","proportion",0.12,"w"
"109","A","A07",4,"S2","C01","Z10","01","secondarygrowth","param",1,"w"
"110","A","A07",4,"S2","C01","Z10","01","randomness","param",3,"w"
"111","A","A07",4,"S2","C01","Z10","01","planttype","param",2,"w"
"112","A","A07",4,"S2","C01","Z10","01","aerenchyma","proportion",0,"w"
"113","A","A07",4,"S2","C01","Z10","01","aerenchyma","n_files",10,"w"
"114","A","A07",4,"S2","C01","Z10","01","xylem","n_files",39,"w"
"115","A","A07",4,"S2","C01","Z10","01","xylem","max_size",4192.03,"w"
"116","A","A07",4,"S2","C01","Z10","01","xylem","mean_size",1333.00364102564,"w"
"117","A","A07",4,"S2","C01","Z10","01","xylem","order",1.5,"w"
"118","A","A07",4,"S2","C01","Z10","01","stele","cell_diameter",0.00955377955886474,"w"
"119","A","A07",4,"S2","C01","Z10","01","stele","SD",111.056763286191,"w"
"120","A","A07",4,"S2","C01","Z10","01","stele","mean_size",296.331029411765,"w"
"121","A","A07",4,"S2","C01","Z10","01","phloem","max_size",0.026328,"w"
"122","A","A07",4,"S2","C01","Z10","01","stele","totarea",748144.678,"w"
"123","A","A07",4,"S2","C01","Z10","01","stele","order",1,"w"
"124","A","A07",4,"S2","C01","Z10","01","cortex","cell_diameter",0.0639349375,"w"
"125","A","A07",4,"S2","C01","Z10","01","cortex","order",4,"w"
"126","A","A07",4,"S2","C01","Z10","01","endodermis","cell_diameter",0.0642225,"w"
"127","A","A07",4,"S2","C01","Z10","01","endodermis","n_layers",1,"w"
"128","A","A07",4,"S2","C01","Z10","01","endodermis","order",3,"w"
"129","A","A07",4,"S2","C01","Z10","01","exodermis","cell_diameter",0.049015,"w"
"130","A","A07",4,"S2","C01","Z10","01","exodermis","n_layers",1,"w"
"131","A","A07",4,"S2","C01","Z10","01","exodermis","order",5,"w"
"132","A","A07",4,"S2","C01","Z10","01","epidermis","cell_diameter",0.049015,"w"
"133","A","A07",4,"S2","C01","Z10","01","epidermis","n_layers",1,"w"
"134","A","A07",4,"S2","C01","Z10","01","epidermis","order",6,"w"
"135","A","A07",4,"S2","C01","Z10","01","pericycle","cell_diameter",0.0357024,"w"
"136","A","A07",4,"S2","C01","Z10","01","pericycle","order",2,"w"
"137","A","A07",4,"S2","C01","Z10","01","pericycle","n_layers",1,"w"
"138","A","A07",4,"S2","C01","Z10","01","endodermis","barrier",2,"w"
"139","A","A07",4,"S2","C01","Z10","01","exodermis","barrier",2,"w"
"140","A","A07",4,"S2","C01","Z10","01","stele","n_layers",16,"w"
"141","A","A07",4,"S2","C01","Z10","01","stele","layer_diameter",0.99,"w"
"142","A","A07",4,"S2","C01","Z10","01","cortex","n_layers",4,"w"
"143","A","A07",4,"S2","C01","Z10","01","phloem","n_files",5,"w"
"144","A","A07",4,"S2","C01","Z10","01","phloem","proportion",0.244040404040404,"w"
"145","A","A07",5,"S3","C01","Z20","01","secondarygrowth","param",1,"w"
"146","A","A07",5,"S3","C01","Z20","01","randomness","param",3,"w"
"147","A","A07",5,"S3","C01","Z20","01","planttype","param",2,"w"
"148","A","A07",5,"S3","C01","Z20","01","aerenchyma","proportion",0,"w"
"149","A","A07",5,"S3","C01","Z20","01","aerenchyma","n_files",10,"w"
"150","A","A07",5,"S3","C01","Z20","01","xylem","n_files",15,"w"
"151","A","A07",5,"S3","C01","Z20","01","xylem","max_size",1122.188,"w"
"152","A","A07",5,"S3","C01","Z20","01","xylem","mean_size",400.179133333333,"w"
"153","A","A07",5,"S3","C01","Z20","01","xylem","order",1.5,"w"
"154","A","A07",5,"S3","C01","Z20","01","stele","cell_diameter",0.00386742301847566,"w"
"155","A","A07",5,"S3","C01","Z20","01","stele","SD",22.0982576296564,"w"
"156","A","A07",5,"S3","C01","Z20","01","stele","mean_size",49.6165333333333,"w"
"157","A","A07",5,"S3","C01","Z20","01","phloem","max_size",0.010084,"w"
"158","A","A07",5,"S3","C01","Z20","01","stele","totarea",41362.062,"w"
"159","A","A07",5,"S3","C01","Z20","01","stele","order",1,"w"
"160","A","A07",5,"S3","C01","Z20","01","cortex","cell_diameter",0.023931,"w"
"161","A","A07",5,"S3","C01","Z20","01","cortex","order",4,"w"
"162","A","A07",5,"S3","C01","Z20","01","endodermis","cell_diameter",0.0286445,"w"
"163","A","A07",5,"S3","C01","Z20","01","endodermis","n_layers",1,"w"
"164","A","A07",5,"S3","C01","Z20","01","endodermis","order",3,"w"
"165","A","A07",5,"S3","C01","Z20","01","exodermis","cell_diameter",0.035735,"w"
"166","A","A07",5,"S3","C01","Z20","01","exodermis","n_layers",1,"w"
"167","A","A07",5,"S3","C01","Z20","01","exodermis","order",5,"w"
"168","A","A07",5,"S3","C01","Z20","01","epidermis","cell_diameter",0.035735,"w"
"169","A","A07",5,"S3","C01","Z20","01","epidermis","n_layers",1,"w"
"170","A","A07",5,"S3","C01","Z20","01","epidermis","order",6,"w"
"171","A","A07",5,"S3","C01","Z20","01","pericycle","cell_diameter",0.0119353,"w"
"172","A","A07",5,"S3","C01","Z20","01","pericycle","order",2,"w"
"173","A","A07",5,"S3","C01","Z20","01","pericycle","n_layers",1,"w"
"174","A","A07",5,"S3","C01","Z20","01","endodermis","barrier",1,"w"
"175","A","A07",5,"S3","C01","Z20","01","exodermis","barrier",1,"w"
"176","A","A07",5,"S3","C01","Z20","01","stele","n_layers",15,"w"
"177","A","A07",5,"S3","C01","Z20","01","stele","layer_diameter",0.23,"w"
"178","A","A07",5,"S3","C01","Z20","01","cortex","n_layers",2,"w"
"179","A","A07",5,"S3","C01","Z20","01","phloem","n_files",4,"w"
"180","A","A07",5,"S3","C01","Z20","01","phloem","proportion",0.279130434782609,"w"
"181","A","A07",6,"S3","C02","Z20","01","secondarygrowth","param",1,"w"
"182","A","A07",6,"S3","C02","Z20","01","randomness","param",3,"w"
"183","A","A07",6,"S3","C02","Z20","01","planttype","param",2,"w"
"184","A","A07",6,"S3","C02","Z20","01","aerenchyma","proportion",0,"w"
"185","A","A07",6,"S3","C02","Z20","01","aerenchyma","n_files",10,"w"
"186","A","A07",6,"S3","C02","Z20","01","xylem","n_files",17,"w"
"187","A","A07",6,"S3","C02","Z20","01","xylem","max_size",931.875,"w"
"188","A","A07",6,"S3","C02","Z20","01","xylem","mean_size",357.169117647059,"w"
"189","A","A07",6,"S3","C02","Z20","01","xylem","order",1.5,"w"
"190","A","A07",6,"S3","C02","Z20","01","stele","cell_diameter",0.00438070229407716,"w"
"191","A","A07",6,"S3","C02","Z20","01","stele","SD",18.3317384732204,"w"
"192","A","A07",6,"S3","C02","Z20","01","stele","mean_size",61.5447142857143,"w"
"193","A","A07",6,"S3","C02","Z20","01","phloem","max_size",0.010287,"w"
"194","A","A07",6,"S3","C02","Z20","01","stele","totarea",42055.5,"w"
"195","A","A07",6,"S3","C02","Z20","01","stele","order",1,"w"
"196","A","A07",6,"S3","C02","Z20","01","cortex","cell_diameter",0.0318988571428571,"w"
"197","A","A07",6,"S3","C02","Z20","01","cortex","order",4,"w"
"198","A","A07",6,"S3","C02","Z20","01","endodermis","cell_diameter",0.0291958333333333,"w"
"199","A","A07",6,"S3","C02","Z20","01","endodermis","n_layers",1,"w"
"200","A","A07",6,"S3","C02","Z20","01","endodermis","order",3,"w"
"201","A","A07",6,"S3","C02","Z20","01","exodermis","cell_diameter",0.030953,"w"
"202","A","A07",6,"S3","C02","Z20","01","exodermis","n_layers",1,"w"
"203","A","A07",6,"S3","C02","Z20","01","exodermis","order",5,"w"
"204","A","A07",6,"S3","C02","Z20","01","epidermis","cell_diameter",0.030953,"w"
"205","A","A07",6,"S3","C02","Z20","01","epidermis","n_layers",1,"w"
"206","A","A07",6,"S3","C02","Z20","01","epidermis","order",6,"w"
"207","A","A07",6,"S3","C02","Z20","01","pericycle","cell_diameter",0.0107321111111111,"w"
"208","A","A07",6,"S3","C02","Z20","01","pericycle","order",2,"w"
"209","A","A07",6,"S3","C02","Z20","01","pericycle","n_layers",1,"w"
"210","A","A07",6,"S3","C02","Z20","01","endodermis","barrier",1,"w"
"211","A","A07",6,"S3","C02","Z20","01","exodermis","barrier",1,"w"
"212","A","A07",6,"S3","C02","Z20","01","stele","n_layers",13,"w"
"213","A","A07",6,"S3","C02","Z20","01","stele","layer_diameter",0.23,"w"
"214","A","A07",6,"S3","C02","Z20","01","cortex","n_layers",2,"w"
"215","A","A07",6,"S3","C02","Z20","01","phloem","n_files",5,"w"
"216","A","A07",6,"S3","C02","Z20","01","phloem","proportion",0.230434782608696,"w"
"217","A","A08",7,"S1","C01","Z04","01","secondarygrowth","param",1,"w"
"218","A","A08",7,"S1","C01","Z04","01","randomness","param",3,"w"
"219","A","A08",7,"S1","C01","Z04","01","planttype","param",2,"w"
"220","A","A08",7,"S1","C01","Z04","01","aerenchyma","proportion",0,"w"
"221","A","A08",7,"S1","C01","Z04","01","aerenchyma","n_files",10,"w"
"222","A","A08",7,"S1","C01","Z04","01","xylem","n_files",41,"w"
"223","A","A08",7,"S1","C01","Z04","01","xylem","max_size",3181.839,"w"
"224","A","A08",7,"S1","C01","Z04","01","xylem","mean_size",1535.98882926829,"w"
"225","A","A08",7,"S1","C01","Z04","01","xylem","order",1.5,"w"
"226","A","A08",7,"S1","C01","Z04","01","stele","cell_diameter",0.0206176742580622,"w"
"227","A","A08",7,"S1","C01","Z04","01","stele","SD",4727.05002838142,"w"
"228","A","A08",7,"S1","C01","Z04","01","stele","mean_size",2294.69137037037,"w"
"229","A","A08",7,"S1","C01","Z04","01","phloem","max_size",0.027549,"w"
"230","A","A08",7,"S1","C01","Z04","01","stele","totarea",1739208.144,"w"
"231","A","A08",7,"S1","C01","Z04","01","stele","order",1,"w"
"232","A","A08",7,"S1","C01","Z04","01","cortex","cell_diameter",0.0856541428571429,"w"
"233","A","A08",7,"S1","C01","Z04","01","cortex","order",4,"w"
"234","A","A08",7,"S1","C01","Z04","01","endodermis","cell_diameter",0.0725170833333333,"w"
"235","A","A08",7,"S1","C01","Z04","01","endodermis","n_layers",1,"w"
"236","A","A08",7,"S1","C01","Z04","01","endodermis","order",3,"w"
"237","A","A08",7,"S1","C01","Z04","01","exodermis","cell_diameter",0.0600395,"w"
"238","A","A08",7,"S1","C01","Z04","01","exodermis","n_layers",1,"w"
"239","A","A08",7,"S1","C01","Z04","01","exodermis","order",5,"w"
"240","A","A08",7,"S1","C01","Z04","01","epidermis","cell_diameter",0.0313115,"w"
"241","A","A08",7,"S1","C01","Z04","01","epidermis","n_layers",1,"w"
"242","A","A08",7,"S1","C01","Z04","01","epidermis","order",6,"w"
"243","A","A08",7,"S1","C01","Z04","01","pericycle","cell_diameter",0.03695025,"w"
"244","A","A08",7,"S1","C01","Z04","01","pericycle","order",2,"w"
"245","A","A08",7,"S1","C01","Z04","01","pericycle","n_layers",1,"w"
"246","A","A08",7,"S1","C01","Z04","01","endodermis","barrier",2,"w"
"247","A","A08",7,"S1","C01","Z04","01","exodermis","barrier",2,"w"
"248","A","A08",7,"S1","C01","Z04","01","stele","n_layers",17,"w"
"249","A","A08",7,"S1","C01","Z04","01","stele","layer_diameter",1.491,"w"
"250","A","A08",7,"S1","C01","Z04","01","cortex","n_layers",4,"w"
"251","A","A08",7,"S1","C01","Z04","01","phloem","n_files",5,"w"
"252","A","A08",7,"S1","C01","Z04","01","phloem","proportion",0.101140174379611,"w"
"253","A","A08",8,"S3","C01","Z10","06","secondarygrowth","param",1,"w"
"254","A","A08",8,"S3","C01","Z10","06","randomness","param",3,"w"
"255","A","A08",8,"S3","C01","Z10","06","planttype","param",2,"w"
"256","A","A08",8,"S3","C01","Z10","06","aerenchyma","proportion",0,"w"
"257","A","A08",8,"S3","C01","Z10","06","aerenchyma","n_files",10,"w"
"258","A","A08",8,"S3","C01","Z10","06","xylem","n_files",11,"w"
"259","A","A08",8,"S3","C01","Z10","06","xylem","max_size",1630.588,"w"
"260","A","A08",8,"S3","C01","Z10","06","xylem","mean_size",945.352545454545,"w"
"261","A","A08",8,"S3","C01","Z10","06","xylem","order",1.5,"w"
"262","A","A08",8,"S3","C01","Z10","06","stele","cell_diameter",0.00750873351471622,"w"
"263","A","A08",8,"S3","C01","Z10","06","stele","SD",61.0403994615281,"w"
"264","A","A08",8,"S3","C01","Z10","06","stele","mean_size",181.556173913043,"w"
"265","A","A08",8,"S3","C01","Z10","06","phloem","max_size",0.020185,"w"
"266","A","A08",8,"S3","C01","Z10","06","stele","totarea",159116.342,"w"
"267","A","A08",8,"S3","C01","Z10","06","stele","order",1,"w"
"268","A","A08",8,"S3","C01","Z10","06","cortex","cell_diameter",0.0276794,"w"
"269","A","A08",8,"S3","C01","Z10","06","cortex","order",4,"w"
"270","A","A08",8,"S3","C01","Z10","06","endodermis","cell_diameter",0.0276798888888889,"w"
"271","A","A08",8,"S3","C01","Z10","06","endodermis","n_layers",1,"w"
"272","A","A08",8,"S3","C01","Z10","06","endodermis","order",3,"w"
"273","A","A08",8,"S3","C01","Z10","06","exodermis","cell_diameter",0.024318,"w"
"274","A","A08",8,"S3","C01","Z10","06","exodermis","n_layers",1,"w"
"275","A","A08",8,"S3","C01","Z10","06","exodermis","order",5,"w"
"276","A","A08",8,"S3","C01","Z10","06","epidermis","cell_diameter",0.024318,"w"
"277","A","A08",8,"S3","C01","Z10","06","epidermis","n_layers",1,"w"
"278","A","A08",8,"S3","C01","Z10","06","epidermis","order",6,"w"
"279","A","A08",8,"S3","C01","Z10","06","pericycle","cell_diameter",0.0144005714285714,"w"
"280","A","A08",8,"S3","C01","Z10","06","pericycle","order",2,"w"
"281","A","A08",8,"S3","C01","Z10","06","pericycle","n_layers",1,"w"
"282","A","A08",8,"S3","C01","Z10","06","endodermis","barrier",1,"w"
"283","A","A08",8,"S3","C01","Z10","06","exodermis","barrier",2,"w"
"284","A","A08",8,"S3","C01","Z10","06","stele","n_layers",9,"w"
"285","A","A08",8,"S3","C01","Z10","06","stele","layer_diameter",0.44,"w"
"286","A","A08",8,"S3","C01","Z10","06","cortex","n_layers",3,"w"
"287","A","A08",8,"S3","C01","Z10","06","phloem","n_files",5,"w"
"288","A","A08",8,"S3","C01","Z10","06","phloem","proportion",0.27,"w"
"289","A","A08",9,"S4","C03","Z20","01","secondarygrowth","param",1,"w"
"290","A","A08",9,"S4","C03","Z20","01","randomness","param",3,"w"
"291","A","A08",9,"S4","C03","Z20","01","planttype","param",2,"w"
"292","A","A08",9,"S4","C03","Z20","01","aerenchyma","proportion",0,"w"
"293","A","A08",9,"S4","C03","Z20","01","aerenchyma","n_files",10,"w"
"294","A","A08",9,"S4","C03","Z20","01","xylem","n_files",6,"w"
"295","A","A08",9,"S4","C03","Z20","01","xylem","max_size",900.188,"w"
"296","A","A08",9,"S4","C03","Z20","01","xylem","mean_size",319.625,"w"
"297","A","A08",9,"S4","C03","Z20","01","xylem","order",1.5,"w"
"298","A","A08",9,"S4","C03","Z20","01","stele","cell_diameter",0.00433508388097113,"w"
"299","A","A08",9,"S4","C03","Z20","01","stele","SD",16.6911052470854,"w"
"300","A","A08",9,"S4","C03","Z20","01","stele","mean_size",60.1423888888889,"w"
"301","A","A08",9,"S4","C03","Z20","01","phloem","max_size",0.0111311044634963,"w"
"302","A","A08",9,"S4","C03","Z20","01","stele","totarea",12256,"w"
"303","A","A08",9,"S4","C03","Z20","01","stele","order",1,"w"
"304","A","A08",9,"S4","C03","Z20","01","cortex","cell_diameter",0.0244115,"w"
"305","A","A08",9,"S4","C03","Z20","01","cortex","order",4,"w"
"306","A","A08",9,"S4","C03","Z20","01","endodermis","cell_diameter",0.0163204,"w"
"307","A","A08",9,"S4","C03","Z20","01","endodermis","n_layers",1,"w"
"308","A","A08",9,"S4","C03","Z20","01","endodermis","order",3,"w"
"309","A","A08",9,"S4","C03","Z20","01","exodermis","cell_diameter",0.0248018333333333,"w"
"310","A","A08",9,"S4","C03","Z20","01","exodermis","n_layers",1,"w"
"311","A","A08",9,"S4","C03","Z20","01","exodermis","order",5,"w"
"312","A","A08",9,"S4","C03","Z20","01","epidermis","cell_diameter",0.016616,"w"
"313","A","A08",9,"S4","C03","Z20","01","epidermis","n_layers",1,"w"
"314","A","A08",9,"S4","C03","Z20","01","epidermis","order",6,"w"
"315","A","A08",9,"S4","C03","Z20","01","pericycle","cell_diameter",0.0110803,"w"
"316","A","A08",9,"S4","C03","Z20","01","pericycle","order",2,"w"
"317","A","A08",9,"S4","C03","Z20","01","pericycle","n_layers",1,"w"
"318","A","A08",9,"S4","C03","Z20","01","endodermis","barrier",1,"w"
"319","A","A08",9,"S4","C03","Z20","01","exodermis","barrier",1,"w"
"320","A","A08",9,"S4","C03","Z20","01","stele","n_layers",6,"w"
"321","A","A08",9,"S4","C03","Z20","01","stele","layer_diameter",0.125,"w"
"322","A","A08",9,"S4","C03","Z20","01","cortex","n_layers",2,"w"
"323","A","A08",9,"S4","C03","Z20","01","phloem","n_files",1,"w"
"324","A","A08",9,"S4","C03","Z20","01","phloem","proportion",0.1424,"w"
"325","A","A09",10,"S2","C01","Z04","01","secondarygrowth","param",1,"w"
"326","A","A09",10,"S2","C01","Z04","01","randomness","param",3,"w"
"327","A","A09",10,"S2","C01","Z04","01","planttype","param",2,"w"
"328","A","A09",10,"S2","C01","Z04","01","aerenchyma","proportion",0,"w"
"329","A","A09",10,"S2","C01","Z04","01","aerenchyma","n_files",10,"w"
"330","A","A09",10,"S2","C01","Z04","01","xylem","n_files",40,"w"
"331","A","A09",10,"S2","C01","Z04","01","xylem","max_size",3543.985,"w"
"332","A","A09",10,"S2","C01","Z04","01","xylem","mean_size",1604.43225,"w"
"333","A","A09",10,"S2","C01","Z04","01","xylem","order",1.5,"w"
"334","A","A09",10,"S2","C01","Z04","01","stele","cell_diameter",0.0129379337748223,"w"
"335","A","A09",10,"S2","C01","Z04","01","stele","SD",344.348555435794,"w"
"336","A","A09",10,"S2","C01","Z04","01","stele","mean_size",571.783039215686,"w"
"337","A","A09",10,"S2","C01","Z04","01","phloem","max_size",0.031863,"w"
"338","A","A09",10,"S2","C01","Z04","01","stele","totarea",1502456.646,"w"
"339","A","A09",10,"S2","C01","Z04","01","stele","order",1,"w"
"340","A","A09",10,"S2","C01","Z04","01","cortex","cell_diameter",0.0484676,"w"
"341","A","A09",10,"S2","C01","Z04","01","cortex","order",4,"w"
"342","A","A09",10,"S2","C01","Z04","01","endodermis","cell_diameter",0.0464980666666667,"w"
"343","A","A09",10,"S2","C01","Z04","01","endodermis","n_layers",1,"w"
"344","A","A09",10,"S2","C01","Z04","01","endodermis","order",3,"w"
"345","A","A09",10,"S2","C01","Z04","01","exodermis","cell_diameter",0.0369888333333333,"w"
"346","A","A09",10,"S2","C01","Z04","01","exodermis","n_layers",1,"w"
"347","A","A09",10,"S2","C01","Z04","01","exodermis","order",5,"w"
"348","A","A09",10,"S2","C01","Z04","01","epidermis","cell_diameter",0.035779,"w"
"349","A","A09",10,"S2","C01","Z04","01","epidermis","n_layers",1,"w"
"350","A","A09",10,"S2","C01","Z04","01","epidermis","order",6,"w"
"351","A","A09",10,"S2","C01","Z04","01","pericycle","cell_diameter",0.0351048571428571,"w"
"352","A","A09",10,"S2","C01","Z04","01","pericycle","order",2,"w"
"353","A","A09",10,"S2","C01","Z04","01","pericycle","n_layers",1,"w"
"354","A","A09",10,"S2","C01","Z04","01","endodermis","barrier",2,"w"
"355","A","A09",10,"S2","C01","Z04","01","exodermis","barrier",2,"w"
"356","A","A09",10,"S2","C01","Z04","01","stele","n_layers",18,"w"
"357","A","A09",10,"S2","C01","Z04","01","stele","layer_diameter",1.3576,"w"
"358","A","A09",10,"S2","C01","Z04","01","cortex","n_layers",2,"w"
"359","A","A09",10,"S2","C01","Z04","01","phloem","n_files",5,"w"
"360","A","A09",10,"S2","C01","Z04","01","phloem","proportion",0.133706540954626,"w"
"361","A","A09",11,"S3","C01","Z10","03","secondarygrowth","param",1,"w"
"362","A","A09",11,"S3","C01","Z10","03","randomness","param",3,"w"
"363","A","A09",11,"S3","C01","Z10","03","planttype","param",2,"w"
"364","A","A09",11,"S3","C01","Z10","03","aerenchyma","proportion",0,"w"
"365","A","A09",11,"S3","C01","Z10","03","aerenchyma","n_files",10,"w"
"366","A","A09",11,"S3","C01","Z10","03","xylem","n_files",17,"w"
"367","A","A09",11,"S3","C01","Z10","03","xylem","max_size",1552.292,"w"
"368","A","A09",11,"S3","C01","Z10","03","xylem","mean_size",836.147352941176,"w"
"369","A","A09",11,"S3","C01","Z10","03","xylem","order",1.5,"w"
"370","A","A09",11,"S3","C01","Z10","03","stele","cell_diameter",0.00634388862296901,"w"
"371","A","A09",11,"S3","C01","Z10","03","stele","SD",54.6592453917908,"w"
"372","A","A09",11,"S3","C01","Z10","03","stele","mean_size",132.052,"w"
"373","A","A09",11,"S3","C01","Z10","03","phloem","max_size",0.017335,"w"
"374","A","A09",11,"S3","C01","Z10","03","stele","totarea",217904.049,"w"
"375","A","A09",11,"S3","C01","Z10","03","stele","order",1,"w"
"376","A","A09",11,"S3","C01","Z10","03","cortex","cell_diameter",0.0580588333333333,"w"
"377","A","A09",11,"S3","C01","Z10","03","cortex","order",4,"w"
"378","A","A09",11,"S3","C01","Z10","03","endodermis","cell_diameter",0.0513729,"w"
"379","A","A09",11,"S3","C01","Z10","03","endodermis","n_layers",1,"w"
"380","A","A09",11,"S3","C01","Z10","03","endodermis","order",3,"w"
"381","A","A09",11,"S3","C01","Z10","03","exodermis","cell_diameter",0.053201,"w"
"382","A","A09",11,"S3","C01","Z10","03","exodermis","n_layers",1,"w"
"383","A","A09",11,"S3","C01","Z10","03","exodermis","order",5,"w"
"384","A","A09",11,"S3","C01","Z10","03","epidermis","cell_diameter",0.053201,"w"
"385","A","A09",11,"S3","C01","Z10","03","epidermis","n_layers",1,"w"
"386","A","A09",11,"S3","C01","Z10","03","epidermis","order",6,"w"
"387","A","A09",11,"S3","C01","Z10","03","pericycle","cell_diameter",0.0248215,"w"
"388","A","A09",11,"S3","C01","Z10","03","pericycle","order",2,"w"
"389","A","A09",11,"S3","C01","Z10","03","pericycle","n_layers",1,"w"
"390","A","A09",11,"S3","C01","Z10","03","endodermis","barrier",1,"w"
"391","A","A09",11,"S3","C01","Z10","03","exodermis","barrier",2,"w"
"392","A","A09",11,"S3","C01","Z10","03","stele","n_layers",10,"w"
"393","A","A09",11,"S3","C01","Z10","03","stele","layer_diameter",0.537,"w"
"394","A","A09",11,"S3","C01","Z10","03","cortex","n_layers",2,"w"
"395","A","A09",11,"S3","C01","Z10","03","phloem","n_files",6,"w"
"396","A","A09",11,"S3","C01","Z10","03","phloem","proportion",0.259217877094972,"w"
"397","A","A09",12,"S4","C04","Z20","01","secondarygrowth","param",1,"w"
"398","A","A09",12,"S4","C04","Z20","01","randomness","param",3,"w"
"399","A","A09",12,"S4","C04","Z20","01","planttype","param",2,"w"
"400","A","A09",12,"S4","C04","Z20","01","aerenchyma","proportion",0,"w"
"401","A","A09",12,"S4","C04","Z20","01","aerenchyma","n_files",10,"w"
"402","A","A09",12,"S4","C04","Z20","01","xylem","n_files",8,"w"
"403","A","A09",12,"S4","C04","Z20","01","xylem","max_size",1197.875,"w"
"404","A","A09",12,"S4","C04","Z20","01","xylem","mean_size",673.40625,"w"
"405","A","A09",12,"S4","C04","Z20","01","xylem","order",1.5,"w"
"406","A","A09",12,"S4","C04","Z20","01","stele","cell_diameter",0.00395679610537242,"w"
"407","A","A09",12,"S4","C04","Z20","01","stele","SD",20.3540135660575,"w"
"408","A","A09",12,"S4","C04","Z20","01","stele","mean_size",51.0446428571429,"w"
"409","A","A09",12,"S4","C04","Z20","01","phloem","max_size",0.006749,"w"
"410","A","A09",12,"S4","C04","Z20","01","stele","totarea",36391.81739135,"w"
"411","A","A09",12,"S4","C04","Z20","01","stele","order",1,"w"
"412","A","A09",12,"S4","C04","Z20","01","cortex","cell_diameter",0.024155,"w"
"413","A","A09",12,"S4","C04","Z20","01","cortex","order",4,"w"
"414","A","A09",12,"S4","C04","Z20","01","endodermis","cell_diameter",0.0262407142857143,"w"
"415","A","A09",12,"S4","C04","Z20","01","endodermis","n_layers",1,"w"
"416","A","A09",12,"S4","C04","Z20","01","endodermis","order",3,"w"
"417","A","A09",12,"S4","C04","Z20","01","exodermis","cell_diameter",0.0309526666666667,"w"
"418","A","A09",12,"S4","C04","Z20","01","exodermis","n_layers",1,"w"
"419","A","A09",12,"S4","C04","Z20","01","exodermis","order",5,"w"
"420","A","A09",12,"S4","C04","Z20","01","epidermis","cell_diameter",0.0309526666666667,"w"
"421","A","A09",12,"S4","C04","Z20","01","epidermis","n_layers",1,"w"
"422","A","A09",12,"S4","C04","Z20","01","epidermis","order",6,"w"
"423","A","A09",12,"S4","C04","Z20","01","pericycle","cell_diameter",0.00964144444444444,"w"
"424","A","A09",12,"S4","C04","Z20","01","pericycle","order",2,"w"
"425","A","A09",12,"S4","C04","Z20","01","pericycle","n_layers",1,"w"
"426","A","A09",12,"S4","C04","Z20","01","endodermis","barrier",1,"w"
"427","A","A09",12,"S4","C04","Z20","01","exodermis","barrier",2,"w"
"428","A","A09",12,"S4","C04","Z20","01","stele","n_layers",8,"w"
"429","A","A09",12,"S4","C04","Z20","01","stele","layer_diameter",0.21526,"w"
"430","A","A09",12,"S4","C04","Z20","01","cortex","n_layers",2,"w"
"431","A","A09",12,"S4","C04","Z20","01","phloem","n_files",5,"w"
"432","A","A09",12,"S4","C04","Z20","01","phloem","proportion",0.246213880888228,"w"
"433","G","G03",13,"S2","C01","Z10","01","secondarygrowth","param",1,"d"
"434","G","G03",13,"S2","C01","Z10","01","randomness","param",3,"d"
"435","G","G03",13,"S2","C01","Z10","01","planttype","param",2,"d"
"436","G","G03",13,"S2","C01","Z10","01","aerenchyma","proportion",0,"d"
"437","G","G03",13,"S2","C01","Z10","01","aerenchyma","n_files",10,"d"
"438","G","G03",13,"S2","C01","Z10","01","xylem","n_files",39,"d"
"439","G","G03",13,"S2","C01","Z10","01","xylem","max_size",3705.724,"d"
"440","G","G03",13,"S2","C01","Z10","01","xylem","mean_size",1404.69694871795,"d"
"441","G","G03",13,"S2","C01","Z10","01","xylem","order",1.5,"d"
"442","G","G03",13,"S2","C01","Z10","01","stele","cell_diameter",0.00832574959834805,"d"
"443","G","G03",13,"S2","C01","Z10","01","stele","SD",68.6518261112777,"d"
"444","G","G03",13,"S2","C01","Z10","01","stele","mean_size",223.009481481481,"d"
"445","G","G03",13,"S2","C01","Z10","01","phloem","max_size",0.024216,"d"
"446","G","G03",13,"S2","C01","Z10","01","stele","totarea",511011.216,"d"
"447","G","G03",13,"S2","C01","Z10","01","stele","order",1,"d"
"448","G","G03",13,"S2","C01","Z10","01","cortex","cell_diameter",0.0715376666666667,"d"
"449","G","G03",13,"S2","C01","Z10","01","cortex","order",4,"d"
"450","G","G03",13,"S2","C01","Z10","01","endodermis","cell_diameter",0.045131,"d"
"451","G","G03",13,"S2","C01","Z10","01","endodermis","n_layers",1,"d"
"452","G","G03",13,"S2","C01","Z10","01","endodermis","order",3,"d"
"453","G","G03",13,"S2","C01","Z10","01","exodermis","cell_diameter",0.0358136428571429,"d"
"454","G","G03",13,"S2","C01","Z10","01","exodermis","n_layers",1,"d"
"455","G","G03",13,"S2","C01","Z10","01","exodermis","order",5,"d"
"456","G","G03",13,"S2","C01","Z10","01","epidermis","cell_diameter",0.0358136428571429,"d"
"457","G","G03",13,"S2","C01","Z10","01","epidermis","n_layers",1,"d"
"458","G","G03",13,"S2","C01","Z10","01","epidermis","order",6,"d"
"459","G","G03",13,"S2","C01","Z10","01","pericycle","cell_diameter",0.02783875,"d"
"460","G","G03",13,"S2","C01","Z10","01","pericycle","order",2,"d"
"461","G","G03",13,"S2","C01","Z10","01","pericycle","n_layers",1,"d"
"462","G","G03",13,"S2","C01","Z10","01","endodermis","barrier",2,"d"
"463","G","G03",13,"S2","C01","Z10","01","exodermis","barrier",2,"d"
"464","G","G03",13,"S2","C01","Z10","01","stele","n_layers",16,"d"
"465","G","G03",13,"S2","C01","Z10","01","stele","layer_diameter",0.8054,"d"
"466","G","G03",13,"S2","C01","Z10","01","cortex","n_layers",6,"d"
"467","G","G03",13,"S2","C01","Z10","01","phloem","n_files",6,"d"
"468","G","G03",13,"S2","C01","Z10","01","phloem","proportion",0.235788428110256,"d"
"469","G","G03",14,"S3","C04","Z10","05","secondarygrowth","param",1,"d"
"470","G","G03",14,"S3","C04","Z10","05","randomness","param",3,"d"
"471","G","G03",14,"S3","C04","Z10","05","planttype","param",2,"d"
"472","G","G03",14,"S3","C04","Z10","05","aerenchyma","proportion",0,"d"
"473","G","G03",14,"S3","C04","Z10","05","aerenchyma","n_files",10,"d"
"474","G","G03",14,"S3","C04","Z10","05","xylem","n_files",27,"d"
"475","G","G03",14,"S3","C04","Z10","05","xylem","max_size",4076.615,"d"
"476","G","G03",14,"S3","C04","Z10","05","xylem","mean_size",1438.10222222222,"d"
"477","G","G03",14,"S3","C04","Z10","05","xylem","order",1.5,"d"
"478","G","G03",14,"S3","C04","Z10","05","stele","cell_diameter",0.00687186688478141,"d"
"479","G","G03",14,"S3","C04","Z10","05","stele","SD",36.0486611463268,"d"
"480","G","G03",14,"S3","C04","Z10","05","stele","mean_size",150.62847826087,"d"
"481","G","G03",14,"S3","C04","Z10","05","phloem","max_size",0.0125,"d"
"482","G","G03",14,"S3","C04","Z10","05","stele","totarea",264074,"d"
"483","G","G03",14,"S3","C04","Z10","05","stele","order",1,"d"
"484","G","G03",14,"S3","C04","Z10","05","cortex","cell_diameter",0.0479454,"d"
"485","G","G03",14,"S3","C04","Z10","05","cortex","order",4,"d"
"486","G","G03",14,"S3","C04","Z10","05","endodermis","cell_diameter",0.0528828333333333,"d"
"487","G","G03",14,"S3","C04","Z10","05","endodermis","n_layers",1,"d"
"488","G","G03",14,"S3","C04","Z10","05","endodermis","order",3,"d"
"489","G","G03",14,"S3","C04","Z10","05","exodermis","cell_diameter",0.0405856666666667,"d"
"490","G","G03",14,"S3","C04","Z10","05","exodermis","n_layers",1,"d"
"491","G","G03",14,"S3","C04","Z10","05","exodermis","order",5,"d"
"492","G","G03",14,"S3","C04","Z10","05","epidermis","cell_diameter",0.0405856666666667,"d"
"493","G","G03",14,"S3","C04","Z10","05","epidermis","n_layers",1,"d"
"494","G","G03",14,"S3","C04","Z10","05","epidermis","order",6,"d"
"495","G","G03",14,"S3","C04","Z10","05","pericycle","cell_diameter",0.0194085,"d"
"496","G","G03",14,"S3","C04","Z10","05","pericycle","order",2,"d"
"497","G","G03",14,"S3","C04","Z10","05","pericycle","n_layers",1,"d"
"498","G","G03",14,"S3","C04","Z10","05","endodermis","barrier",2,"d"
"499","G","G03",14,"S3","C04","Z10","05","exodermis","barrier",2,"d"
"500","G","G03",14,"S3","C04","Z10","05","stele","n_layers",15,"d"
"501","G","G03",14,"S3","C04","Z10","05","stele","layer_diameter",0.58,"d"
"502","G","G03",14,"S3","C04","Z10","05","cortex","n_layers",5,"d"
"503","G","G03",14,"S3","C04","Z10","05","phloem","n_files",5,"d"
"504","G","G03",14,"S3","C04","Z10","05","phloem","proportion",0.183103448275862,"d"
"505","G","G03",15,"S4","C01","Z20","03","secondarygrowth","param",1,"d"
"506","G","G03",15,"S4","C01","Z20","03","randomness","param",3,"d"
"507","G","G03",15,"S4","C01","Z20","03","planttype","param",2,"d"
"508","G","G03",15,"S4","C01","Z20","03","aerenchyma","proportion",0,"d"
"509","G","G03",15,"S4","C01","Z20","03","aerenchyma","n_files",10,"d"
"510","G","G03",15,"S4","C01","Z20","03","xylem","n_files",8,"d"
"511","G","G03",15,"S4","C01","Z20","03","xylem","max_size",2716.938,"d"
"512","G","G03",15,"S4","C01","Z20","03","xylem","mean_size",1091.875,"d"
"513","G","G03",15,"S4","C01","Z20","03","xylem","order",1.5,"d"
"514","G","G03",15,"S4","C01","Z20","03","stele","cell_diameter",0.00542570321156666,"d"
"515","G","G03",15,"S4","C01","Z20","03","stele","SD",31.4312385953544,"d"
"516","G","G03",15,"S4","C01","Z20","03","stele","mean_size",94.9957333333333,"d"
"517","G","G03",15,"S4","C01","Z20","03","phloem","max_size",0.007075,"d"
"518","G","G03",15,"S4","C01","Z20","03","stele","totarea",34525.125,"d"
"519","G","G03",15,"S4","C01","Z20","03","stele","order",1,"d"
"520","G","G03",15,"S4","C01","Z20","03","cortex","cell_diameter",0.025742,"d"
"521","G","G03",15,"S4","C01","Z20","03","cortex","order",4,"d"
"522","G","G03",15,"S4","C01","Z20","03","endodermis","cell_diameter",0.0214922222222222,"d"
"523","G","G03",15,"S4","C01","Z20","03","endodermis","n_layers",1,"d"
"524","G","G03",15,"S4","C01","Z20","03","endodermis","order",3,"d"
"525","G","G03",15,"S4","C01","Z20","03","exodermis","cell_diameter",0.0282261666666667,"d"
"526","G","G03",15,"S4","C01","Z20","03","exodermis","n_layers",1,"d"
"527","G","G03",15,"S4","C01","Z20","03","exodermis","order",5,"d"
"528","G","G03",15,"S4","C01","Z20","03","epidermis","cell_diameter",0.0282261666666667,"d"
"529","G","G03",15,"S4","C01","Z20","03","epidermis","n_layers",1,"d"
"530","G","G03",15,"S4","C01","Z20","03","epidermis","order",6,"d"
"531","G","G03",15,"S4","C01","Z20","03","pericycle","cell_diameter",0.00881783333333333,"d"
"532","G","G03",15,"S4","C01","Z20","03","pericycle","order",2,"d"
"533","G","G03",15,"S4","C01","Z20","03","pericycle","n_layers",1,"d"
"534","G","G03",15,"S4","C01","Z20","03","endodermis","barrier",1,"d"
"535","G","G03",15,"S4","C01","Z20","03","exodermis","barrier",1,"d"
"536","G","G03",15,"S4","C01","Z20","03","stele","n_layers",9,"d"
"537","G","G03",15,"S4","C01","Z20","03","stele","layer_diameter",0.199,"d"
"538","G","G03",15,"S4","C01","Z20","03","cortex","n_layers",3,"d"
"539","G","G03",15,"S4","C01","Z20","03","phloem","n_files",4,"d"
"540","G","G03",15,"S4","C01","Z20","03","phloem","proportion",0.250251256281407,"d"
"541","G","G04",16,"S2","C01","Z04","01","secondarygrowth","param",1,"d"
"542","G","G04",16,"S2","C01","Z04","01","randomness","param",3,"d"
"543","G","G04",16,"S2","C01","Z04","01","planttype","param",2,"d"
"544","G","G04",16,"S2","C01","Z04","01","aerenchyma","proportion",0,"d"
"545","G","G04",16,"S2","C01","Z04","01","aerenchyma","n_files",10,"d"
"546","G","G04",16,"S2","C01","Z04","01","xylem","n_files",46,"d"
"547","G","G04",16,"S2","C01","Z04","01","xylem","max_size",4125.94,"d"
"548","G","G04",16,"S2","C01","Z04","01","xylem","mean_size",1199.47586956522,"d"
"549","G","G04",16,"S2","C01","Z04","01","xylem","order",1.5,"d"
"550","G","G04",16,"S2","C01","Z04","01","stele","cell_diameter",0.00979137993284503,"d"
"551","G","G04",16,"S2","C01","Z04","01","stele","SD",109.493850052884,"d"
"552","G","G04",16,"S2","C01","Z04","01","stele","mean_size",309.4829,"d"
"553","G","G04",16,"S2","C01","Z04","01","phloem","max_size",0.0209118261370403,"d"
"554","G","G04",16,"S2","C01","Z04","01","stele","totarea",455107.428,"d"
"555","G","G04",16,"S2","C01","Z04","01","stele","order",1,"d"
"556","G","G04",16,"S2","C01","Z04","01","cortex","cell_diameter",0.068783,"d"
"557","G","G04",16,"S2","C01","Z04","01","cortex","order",4,"d"
"558","G","G04",16,"S2","C01","Z04","01","endodermis","cell_diameter",0.0470141666666667,"d"
"559","G","G04",16,"S2","C01","Z04","01","endodermis","n_layers",1,"d"
"560","G","G04",16,"S2","C01","Z04","01","endodermis","order",3,"d"
"561","G","G04",16,"S2","C01","Z04","01","exodermis","cell_diameter",0.02982975,"d"
"562","G","G04",16,"S2","C01","Z04","01","exodermis","n_layers",1,"d"
"563","G","G04",16,"S2","C01","Z04","01","exodermis","order",5,"d"
"564","G","G04",16,"S2","C01","Z04","01","epidermis","cell_diameter",0.02982975,"d"
"565","G","G04",16,"S2","C01","Z04","01","epidermis","n_layers",1,"d"
"566","G","G04",16,"S2","C01","Z04","01","epidermis","order",6,"d"
"567","G","G04",16,"S2","C01","Z04","01","pericycle","cell_diameter",0.0228138181818182,"d"
"568","G","G04",16,"S2","C01","Z04","01","pericycle","order",2,"d"
"569","G","G04",16,"S2","C01","Z04","01","pericycle","n_layers",1,"d"
"570","G","G04",16,"S2","C01","Z04","01","endodermis","barrier",1,"d"
"571","G","G04",16,"S2","C01","Z04","01","exodermis","barrier",2,"d"
"572","G","G04",16,"S2","C01","Z04","01","stele","n_layers",17,"d"
"573","G","G04",16,"S2","C01","Z04","01","stele","layer_diameter",0.769,"d"
"574","G","G04",16,"S2","C01","Z04","01","cortex","n_layers",6,"d"
"575","G","G04",16,"S2","C01","Z04","01","phloem","n_files",4,"d"
"576","G","G04",16,"S2","C01","Z04","01","phloem","proportion",0.188296488946684,"d"
"577","G","G04",17,"S3","C01","Z10","01","secondarygrowth","param",1,"d"
"578","G","G04",17,"S3","C01","Z10","01","randomness","param",3,"d"
"579","G","G04",17,"S3","C01","Z10","01","planttype","param",2,"d"
"580","G","G04",17,"S3","C01","Z10","01","aerenchyma","proportion",0,"d"
"581","G","G04",17,"S3","C01","Z10","01","aerenchyma","n_files",10,"d"
"582","G","G04",17,"S3","C01","Z10","01","xylem","n_files",14,"d"
"583","G","G04",17,"S3","C01","Z10","01","xylem","max_size",2472.416,"d"
"584","G","G04",17,"S3","C01","Z10","01","xylem","mean_size",918.156142857143,"d"
"585","G","G04",17,"S3","C01","Z10","01","xylem","order",1.5,"d"
"586","G","G04",17,"S3","C01","Z10","01","stele","cell_diameter",0.0053181285599197,"d"
"587","G","G04",17,"S3","C01","Z10","01","stele","SD",21.0802396106322,"d"
"588","G","G04",17,"S3","C01","Z10","01","stele","mean_size",89.9800416666667,"d"
"589","G","G04",17,"S3","C01","Z10","01","phloem","max_size",0.015487,"d"
"590","G","G04",17,"S3","C01","Z10","01","stele","totarea",91444.299,"d"
"591","G","G04",17,"S3","C01","Z10","01","stele","order",1,"d"
"592","G","G04",17,"S3","C01","Z10","01","cortex","cell_diameter",0.0424906923076923,"d"
"593","G","G04",17,"S3","C01","Z10","01","cortex","order",4,"d"
"594","G","G04",17,"S3","C01","Z10","01","endodermis","cell_diameter",0.0313569166666667,"d"
"595","G","G04",17,"S3","C01","Z10","01","endodermis","n_layers",1,"d"
"596","G","G04",17,"S3","C01","Z10","01","endodermis","order",3,"d"
"597","G","G04",17,"S3","C01","Z10","01","exodermis","cell_diameter",0.0340937777777778,"d"
"598","G","G04",17,"S3","C01","Z10","01","exodermis","n_layers",1,"d"
"599","G","G04",17,"S3","C01","Z10","01","exodermis","order",5,"d"
"600","G","G04",17,"S3","C01","Z10","01","epidermis","cell_diameter",0.0280728,"d"
"601","G","G04",17,"S3","C01","Z10","01","epidermis","n_layers",1,"d"
"602","G","G04",17,"S3","C01","Z10","01","epidermis","order",6,"d"
"603","G","G04",17,"S3","C01","Z10","01","pericycle","cell_diameter",0.0144341333333333,"d"
"604","G","G04",17,"S3","C01","Z10","01","pericycle","order",2,"d"
"605","G","G04",17,"S3","C01","Z10","01","pericycle","n_layers",1,"d"
"606","G","G04",17,"S3","C01","Z10","01","endodermis","barrier",1,"d"
"607","G","G04",17,"S3","C01","Z10","01","exodermis","barrier",2,"d"
"608","G","G04",17,"S3","C01","Z10","01","stele","n_layers",11,"d"
"609","G","G04",17,"S3","C01","Z10","01","stele","layer_diameter",0.33914,"d"
"610","G","G04",17,"S3","C01","Z10","01","cortex","n_layers",4,"d"
"611","G","G04",17,"S3","C01","Z10","01","phloem","n_files",4,"d"
"612","G","G04",17,"S3","C01","Z10","01","phloem","proportion",0.267146311257888,"d"
"613","G","G04",18,"S4","C02","Z20","01","secondarygrowth","param",1,"d"
"614","G","G04",18,"S4","C02","Z20","01","randomness","param",3,"d"
"615","G","G04",18,"S4","C02","Z20","01","planttype","param",2,"d"
"616","G","G04",18,"S4","C02","Z20","01","aerenchyma","proportion",0,"d"
"617","G","G04",18,"S4","C02","Z20","01","aerenchyma","n_files",10,"d"
"618","G","G04",18,"S4","C02","Z20","01","xylem","n_files",9,"d"
"619","G","G04",18,"S4","C02","Z20","01","xylem","max_size",365,"d"
"620","G","G04",18,"S4","C02","Z20","01","xylem","mean_size",132.902888888889,"d"
"621","G","G04",18,"S4","C02","Z20","01","xylem","order",1.5,"d"
"622","G","G04",18,"S4","C02","Z20","01","stele","cell_diameter",0.00314516090661371,"d"
"623","G","G04",18,"S4","C02","Z20","01","stele","SD",7.6797745981759,"d"
"624","G","G04",18,"S4","C02","Z20","01","stele","mean_size",31.5053333333333,"d"
"625","G","G04",18,"S4","C02","Z20","01","phloem","max_size",0.003939,"d"
"626","G","G04",18,"S4","C02","Z20","01","stele","totarea",4529.188,"d"
"627","G","G04",18,"S4","C02","Z20","01","stele","order",1,"d"
"628","G","G04",18,"S4","C02","Z20","01","cortex","cell_diameter",0.013731,"d"
"629","G","G04",18,"S4","C02","Z20","01","cortex","order",4,"d"
"630","G","G04",18,"S4","C02","Z20","01","endodermis","cell_diameter",0.0098457,"d"
"631","G","G04",18,"S4","C02","Z20","01","endodermis","n_layers",1,"d"
"632","G","G04",18,"S4","C02","Z20","01","endodermis","order",3,"d"
"633","G","G04",18,"S4","C02","Z20","01","exodermis","cell_diameter",0.0164711111111111,"d"
"634","G","G04",18,"S4","C02","Z20","01","exodermis","n_layers",1,"d"
"635","G","G04",18,"S4","C02","Z20","01","exodermis","order",5,"d"
"636","G","G04",18,"S4","C02","Z20","01","epidermis","cell_diameter",0.016605,"d"
"637","G","G04",18,"S4","C02","Z20","01","epidermis","n_layers",1,"d"
"638","G","G04",18,"S4","C02","Z20","01","epidermis","order",6,"d"
"639","G","G04",18,"S4","C02","Z20","01","pericycle","cell_diameter",0.005901,"d"
"640","G","G04",18,"S4","C02","Z20","01","pericycle","order",2,"d"
"641","G","G04",18,"S4","C02","Z20","01","pericycle","n_layers",1,"d"
"642","G","G04",18,"S4","C02","Z20","01","endodermis","barrier",0,"d"
"643","G","G04",18,"S4","C02","Z20","01","exodermis","barrier",1,"d"
"644","G","G04",18,"S4","C02","Z20","01","stele","n_layers",3,"d"
"645","G","G04",18,"S4","C02","Z20","01","stele","layer_diameter",0.0788,"d"
"646","G","G04",18,"S4","C02","Z20","01","cortex","n_layers",1,"d"
"647","G","G04",18,"S4","C02","Z20","01","phloem","n_files",1,"d"
"648","G","G04",18,"S4","C02","Z20","01","phloem","proportion",0.082994923857868,"d"
"649","G","G09",19,"S2","C01","Z04","01","secondarygrowth","param",1,"d"
"650","G","G09",19,"S2","C01","Z04","01","randomness","param",3,"d"
"651","G","G09",19,"S2","C01","Z04","01","planttype","param",2,"d"
"652","G","G09",19,"S2","C01","Z04","01","aerenchyma","proportion",0,"d"
"653","G","G09",19,"S2","C01","Z04","01","aerenchyma","n_files",10,"d"
"654","G","G09",19,"S2","C01","Z04","01","xylem","n_files",37,"d"
"655","G","G09",19,"S2","C01","Z04","01","xylem","max_size",2748.444,"d"
"656","G","G09",19,"S2","C01","Z04","01","xylem","mean_size",1203.74772972973,"d"
"657","G","G09",19,"S2","C01","Z04","01","xylem","order",1.5,"d"
"658","G","G09",19,"S2","C01","Z04","01","stele","cell_diameter",0.0118454228189368,"d"
"659","G","G09",19,"S2","C01","Z04","01","stele","SD",83.1580591790918,"d"
"660","G","G09",19,"S2","C01","Z04","01","stele","mean_size",444.698333333333,"d"
"661","G","G09",19,"S2","C01","Z04","01","phloem","max_size",0.019975,"d"
"662","G","G09",19,"S2","C01","Z04","01","stele","totarea",442798.222,"d"
"663","G","G09",19,"S2","C01","Z04","01","stele","order",1,"d"
"664","G","G09",19,"S2","C01","Z04","01","cortex","cell_diameter",0.0751335454545455,"d"
"665","G","G09",19,"S2","C01","Z04","01","cortex","order",4,"d"
"666","G","G09",19,"S2","C01","Z04","01","endodermis","cell_diameter",0.0591621538461539,"d"
"667","G","G09",19,"S2","C01","Z04","01","endodermis","n_layers",1,"d"
"668","G","G09",19,"S2","C01","Z04","01","endodermis","order",3,"d"
"669","G","G09",19,"S2","C01","Z04","01","exodermis","cell_diameter",0.0526841428571429,"d"
"670","G","G09",19,"S2","C01","Z04","01","exodermis","n_layers",1,"d"
"671","G","G09",19,"S2","C01","Z04","01","exodermis","order",5,"d"
"672","G","G09",19,"S2","C01","Z04","01","epidermis","cell_diameter",0.0526841428571429,"d"
"673","G","G09",19,"S2","C01","Z04","01","epidermis","n_layers",1,"d"
"674","G","G09",19,"S2","C01","Z04","01","epidermis","order",6,"d"
"675","G","G09",19,"S2","C01","Z04","01","pericycle","cell_diameter",0.030536,"d"
"676","G","G09",19,"S2","C01","Z04","01","pericycle","order",2,"d"
"677","G","G09",19,"S2","C01","Z04","01","pericycle","n_layers",1,"d"
"678","G","G09",19,"S2","C01","Z04","01","endodermis","barrier",2,"d"
"679","G","G09",19,"S2","C01","Z04","01","exodermis","barrier",2,"d"
"680","G","G09",19,"S2","C01","Z04","01","stele","n_layers",12,"d"
"681","G","G09",19,"S2","C01","Z04","01","stele","layer_diameter",0.745,"d"
"682","G","G09",19,"S2","C01","Z04","01","cortex","n_layers",4,"d"
"683","G","G09",19,"S2","C01","Z04","01","phloem","n_files",5,"d"
"684","G","G09",19,"S2","C01","Z04","01","phloem","proportion",0.245637583892617,"d"
"685","G","G09",20,"S3","C03","Z10","01","secondarygrowth","param",1,"d"
"686","G","G09",20,"S3","C03","Z10","01","randomness","param",3,"d"
"687","G","G09",20,"S3","C03","Z10","01","planttype","param",2,"d"
"688","G","G09",20,"S3","C03","Z10","01","aerenchyma","proportion",0,"d"
"689","G","G09",20,"S3","C03","Z10","01","aerenchyma","n_files",10,"d"
"690","G","G09",20,"S3","C03","Z10","01","xylem","n_files",18,"d"
"691","G","G09",20,"S3","C03","Z10","01","xylem","max_size",2829.098,"d"
"692","G","G09",20,"S3","C03","Z10","01","xylem","mean_size",1062.76438888889,"d"
"693","G","G09",20,"S3","C03","Z10","01","xylem","order",1.5,"d"
"694","G","G09",20,"S3","C03","Z10","01","stele","cell_diameter",0.006120771361995,"d"
"695","G","G09",20,"S3","C03","Z10","01","stele","SD",53.3706376294622,"d"
"696","G","G09",20,"S3","C03","Z10","01","stele","mean_size",122.17375862069,"d"
"697","G","G09",20,"S3","C03","Z10","01","phloem","max_size",0.01105,"d"
"698","G","G09",20,"S3","C03","Z10","01","stele","totarea",110759.069,"d"
"699","G","G09",20,"S3","C03","Z10","01","stele","order",1,"d"
"700","G","G09",20,"S3","C03","Z10","01","cortex","cell_diameter",0.043741,"d"
"701","G","G09",20,"S3","C03","Z10","01","cortex","order",4,"d"
"702","G","G09",20,"S3","C03","Z10","01","endodermis","cell_diameter",0.040169625,"d"
"703","G","G09",20,"S3","C03","Z10","01","endodermis","n_layers",1,"d"
"704","G","G09",20,"S3","C03","Z10","01","endodermis","order",3,"d"
"705","G","G09",20,"S3","C03","Z10","01","exodermis","cell_diameter",0.0431911818181818,"d"
"706","G","G09",20,"S3","C03","Z10","01","exodermis","n_layers",1,"d"
"707","G","G09",20,"S3","C03","Z10","01","exodermis","order",5,"d"
"708","G","G09",20,"S3","C03","Z10","01","epidermis","cell_diameter",0.0431911818181818,"d"
"709","G","G09",20,"S3","C03","Z10","01","epidermis","n_layers",1,"d"
"710","G","G09",20,"S3","C03","Z10","01","epidermis","order",6,"d"
"711","G","G09",20,"S3","C03","Z10","01","pericycle","cell_diameter",0.0238424285714286,"d"
"712","G","G09",20,"S3","C03","Z10","01","pericycle","order",2,"d"
"713","G","G09",20,"S3","C03","Z10","01","pericycle","n_layers",1,"d"
"714","G","G09",20,"S3","C03","Z10","01","endodermis","barrier",1,"d"
"715","G","G09",20,"S3","C03","Z10","01","exodermis","barrier",2,"d"
"716","G","G09",20,"S3","C03","Z10","01","stele","n_layers",9,"d"
"717","G","G09",20,"S3","C03","Z10","01","stele","layer_diameter",0.368515,"d"
"718","G","G09",20,"S3","C03","Z10","01","cortex","n_layers",3,"d"
"719","G","G09",20,"S3","C03","Z10","01","phloem","n_files",4,"d"
"720","G","G09",20,"S3","C03","Z10","01","phloem","proportion",0.201189910858445,"d"
"721","G","G09",21,"S4","C02","Z20","01","secondarygrowth","param",1,"d"
"722","G","G09",21,"S4","C02","Z20","01","randomness","param",3,"d"
"723","G","G09",21,"S4","C02","Z20","01","planttype","param",2,"d"
"724","G","G09",21,"S4","C02","Z20","01","aerenchyma","proportion",0,"d"
"725","G","G09",21,"S4","C02","Z20","01","aerenchyma","n_files",10,"d"
"726","G","G09",21,"S4","C02","Z20","01","xylem","n_files",6,"d"
"727","G","G09",21,"S4","C02","Z20","01","xylem","max_size",865.312,"d"
"728","G","G09",21,"S4","C02","Z20","01","xylem","mean_size",661.5,"d"
"729","G","G09",21,"S4","C02","Z20","01","xylem","order",1.5,"d"
"730","G","G09",21,"S4","C02","Z20","01","stele","cell_diameter",0.00450203776115196,"d"
"731","G","G09",21,"S4","C02","Z20","01","stele","SD",15.1286569627669,"d"
"732","G","G09",21,"S4","C02","Z20","01","stele","mean_size",64.4539473684211,"d"
"733","G","G09",21,"S4","C02","Z20","01","phloem","max_size",0.008427,"d"
"734","G","G09",21,"S4","C02","Z20","01","stele","totarea",23265.562,"d"
"735","G","G09",21,"S4","C02","Z20","01","stele","order",1,"d"
"736","G","G09",21,"S4","C02","Z20","01","cortex","cell_diameter",0.0257003333333333,"d"
"737","G","G09",21,"S4","C02","Z20","01","cortex","order",4,"d"
"738","G","G09",21,"S4","C02","Z20","01","endodermis","cell_diameter",0.0238045555555556,"d"
"739","G","G09",21,"S4","C02","Z20","01","endodermis","n_layers",1,"d"
"740","G","G09",21,"S4","C02","Z20","01","endodermis","order",3,"d"
"741","G","G09",21,"S4","C02","Z20","01","exodermis","cell_diameter",0.0266340769230769,"d"
"742","G","G09",21,"S4","C02","Z20","01","exodermis","n_layers",1,"d"
"743","G","G09",21,"S4","C02","Z20","01","exodermis","order",5,"d"
"744","G","G09",21,"S4","C02","Z20","01","epidermis","cell_diameter",0.0266340769230769,"d"
"745","G","G09",21,"S4","C02","Z20","01","epidermis","n_layers",1,"d"
"746","G","G09",21,"S4","C02","Z20","01","epidermis","order",6,"d"
"747","G","G09",21,"S4","C02","Z20","01","pericycle","cell_diameter",0.0110348,"d"
"748","G","G09",21,"S4","C02","Z20","01","pericycle","order",2,"d"
"749","G","G09",21,"S4","C02","Z20","01","pericycle","n_layers",1,"d"
"750","G","G09",21,"S4","C02","Z20","01","endodermis","barrier",0,"d"
"751","G","G09",21,"S4","C02","Z20","01","exodermis","barrier",1,"d"
"752","G","G09",21,"S4","C02","Z20","01","stele","n_layers",7,"d"
"753","G","G09",21,"S4","C02","Z20","01","stele","layer_diameter",0.152,"d"
"754","G","G09",21,"S4","C02","Z20","01","cortex","n_layers",1,"d"
"755","G","G09",21,"S4","C02","Z20","01","phloem","n_files",2,"d"
"756","G","G09",21,"S4","C02","Z20","01","phloem","proportion",0.198684210526316,"d"
"757","G","G10",22,"S2","C01","Z04","01","secondarygrowth","param",1,"d"
"758","G","G10",22,"S2","C01","Z04","01","randomness","param",3,"d"
"759","G","G10",22,"S2","C01","Z04","01","planttype","param",2,"d"
"760","G","G10",22,"S2","C01","Z04","01","aerenchyma","proportion",0,"d"
"761","G","G10",22,"S2","C01","Z04","01","aerenchyma","n_files",10,"d"
"762","G","G10",22,"S2","C01","Z04","01","xylem","n_files",75,"d"
"763","G","G10",22,"S2","C01","Z04","01","xylem","max_size",4677.267,"d"
"764","G","G10",22,"S2","C01","Z04","01","xylem","mean_size",2183.01277333333,"d"
"765","G","G10",22,"S2","C01","Z04","01","xylem","order",1.5,"d"
"766","G","G10",22,"S2","C01","Z04","01","stele","cell_diameter",0.0115727558546561,"d"
"767","G","G10",22,"S2","C01","Z04","01","stele","SD",157.441680971877,"d"
"768","G","G10",22,"S2","C01","Z04","01","stele","mean_size",433.826098039216,"d"
"769","G","G10",22,"S2","C01","Z04","01","phloem","max_size",0.029416,"d"
"770","G","G10",22,"S2","C01","Z04","01","stele","totarea",2461328.769,"d"
"771","G","G10",22,"S2","C01","Z04","01","stele","order",1,"d"
"772","G","G10",22,"S2","C01","Z04","01","cortex","cell_diameter",0.0623464285714286,"d"
"773","G","G10",22,"S2","C01","Z04","01","cortex","order",4,"d"
"774","G","G10",22,"S2","C01","Z04","01","endodermis","cell_diameter",0.0685839090909091,"d"
"775","G","G10",22,"S2","C01","Z04","01","endodermis","n_layers",1,"d"
"776","G","G10",22,"S2","C01","Z04","01","endodermis","order",3,"d"
"777","G","G10",22,"S2","C01","Z04","01","exodermis","cell_diameter",0.07030475,"d"
"778","G","G10",22,"S2","C01","Z04","01","exodermis","n_layers",1,"d"
"779","G","G10",22,"S2","C01","Z04","01","exodermis","order",5,"d"
"780","G","G10",22,"S2","C01","Z04","01","epidermis","cell_diameter",0.0404914,"d"
"781","G","G10",22,"S2","C01","Z04","01","epidermis","n_layers",1,"d"
"782","G","G10",22,"S2","C01","Z04","01","epidermis","order",6,"d"
"783","G","G10",22,"S2","C01","Z04","01","pericycle","cell_diameter",0.037393,"d"
"784","G","G10",22,"S2","C01","Z04","01","pericycle","order",2,"d"
"785","G","G10",22,"S2","C01","Z04","01","pericycle","n_layers",1,"d"
"786","G","G10",22,"S2","C01","Z04","01","endodermis","barrier",2,"d"
"787","G","G10",22,"S2","C01","Z04","01","exodermis","barrier",2,"d"
"788","G","G10",22,"S2","C01","Z04","01","stele","n_layers",32,"d"
"789","G","G10",22,"S2","C01","Z04","01","stele","layer_diameter",1.7494,"d"
"790","G","G10",22,"S2","C01","Z04","01","cortex","n_layers",3,"d"
"791","G","G10",22,"S2","C01","Z04","01","phloem","n_files",5,"d"
"792","G","G10",22,"S2","C01","Z04","01","phloem","proportion",0.130216074082543,"d"
"793","G","G10",23,"S3","C01","Z10","01","secondarygrowth","param",1,"d"
"794","G","G10",23,"S3","C01","Z10","01","randomness","param",3,"d"
"795","G","G10",23,"S3","C01","Z10","01","planttype","param",2,"d"
"796","G","G10",23,"S3","C01","Z10","01","aerenchyma","proportion",0,"d"
"797","G","G10",23,"S3","C01","Z10","01","aerenchyma","n_files",10,"d"
"798","G","G10",23,"S3","C01","Z10","01","xylem","n_files",23,"d"
"799","G","G10",23,"S3","C01","Z10","01","xylem","max_size",3914.513,"d"
"800","G","G10",23,"S3","C01","Z10","01","xylem","mean_size",1374.32913043478,"d"
"801","G","G10",23,"S3","C01","Z10","01","xylem","order",1.5,"d"
"802","G","G10",23,"S3","C01","Z10","01","stele","cell_diameter",0.00762894595584239,"d"
"803","G","G10",23,"S3","C01","Z10","01","stele","SD",61.139525624392,"d"
"804","G","G10",23,"S3","C01","Z10","01","stele","mean_size",187.324612244898,"d"
"805","G","G10",23,"S3","C01","Z10","01","phloem","max_size",0.01842,"d"
"806","G","G10",23,"S3","C01","Z10","01","stele","totarea",301314.113735,"d"
"807","G","G10",23,"S3","C01","Z10","01","stele","order",1,"d"
"808","G","G10",23,"S3","C01","Z10","01","cortex","cell_diameter",0.049997,"d"
"809","G","G10",23,"S3","C01","Z10","01","cortex","order",4,"d"
"810","G","G10",23,"S3","C01","Z10","01","endodermis","cell_diameter",0.0446343636363636,"d"
"811","G","G10",23,"S3","C01","Z10","01","endodermis","n_layers",1,"d"
"812","G","G10",23,"S3","C01","Z10","01","endodermis","order",3,"d"
"813","G","G10",23,"S3","C01","Z10","01","exodermis","cell_diameter",0.0545708,"d"
"814","G","G10",23,"S3","C01","Z10","01","exodermis","n_layers",1,"d"
"815","G","G10",23,"S3","C01","Z10","01","exodermis","order",5,"d"
"816","G","G10",23,"S3","C01","Z10","01","epidermis","cell_diameter",0.02456,"d"
"817","G","G10",23,"S3","C01","Z10","01","epidermis","n_layers",1,"d"
"818","G","G10",23,"S3","C01","Z10","01","epidermis","order",6,"d"
"819","G","G10",23,"S3","C01","Z10","01","pericycle","cell_diameter",0.0276145,"d"
"820","G","G10",23,"S3","C01","Z10","01","pericycle","order",2,"d"
"821","G","G10",23,"S3","C01","Z10","01","pericycle","n_layers",1,"d"
"822","G","G10",23,"S3","C01","Z10","01","endodermis","barrier",1,"d"
"823","G","G10",23,"S3","C01","Z10","01","exodermis","barrier",2,"d"
"824","G","G10",23,"S3","C01","Z10","01","stele","n_layers",14,"d"
"825","G","G10",23,"S3","C01","Z10","01","stele","layer_diameter",0.61934,"d"
"826","G","G10",23,"S3","C01","Z10","01","cortex","n_layers",2,"d"
"827","G","G10",23,"S3","C01","Z10","01","phloem","n_files",4,"d"
"828","G","G10",23,"S3","C01","Z10","01","phloem","proportion",0.292569509477831,"d"
"829","G","G10",24,"S4","C01","Z20","01","secondarygrowth","param",1,"d"
"830","G","G10",24,"S4","C01","Z20","01","randomness","param",3,"d"
"831","G","G10",24,"S4","C01","Z20","01","planttype","param",2,"d"
"832","G","G10",24,"S4","C01","Z20","01","aerenchyma","proportion",0,"d"
"833","G","G10",24,"S4","C01","Z20","01","aerenchyma","n_files",10,"d"
"834","G","G10",24,"S4","C01","Z20","01","xylem","n_files",4,"d"
"835","G","G10",24,"S4","C01","Z20","01","xylem","max_size",1800.5,"d"
"836","G","G10",24,"S4","C01","Z20","01","xylem","mean_size",1193.844,"d"
"837","G","G10",24,"S4","C01","Z20","01","xylem","order",1.5,"d"
"838","G","G10",24,"S4","C01","Z20","01","stele","cell_diameter",0.00483689956409866,"d"
"839","G","G10",24,"S4","C01","Z20","01","stele","SD",38.458350694926,"d"
"840","G","G10",24,"S4","C01","Z20","01","stele","mean_size",77.5755,"d"
"841","G","G10",24,"S4","C01","Z20","01","phloem","max_size",0.007521,"d"
"842","G","G10",24,"S4","C01","Z20","01","stele","totarea",23771.375,"d"
"843","G","G10",24,"S4","C01","Z20","01","stele","order",1,"d"
"844","G","G10",24,"S4","C01","Z20","01","cortex","cell_diameter",0.0213118333333333,"d"
"845","G","G10",24,"S4","C01","Z20","01","cortex","order",4,"d"
"846","G","G10",24,"S4","C01","Z20","01","endodermis","cell_diameter",0.0223471764705882,"d"
"847","G","G10",24,"S4","C01","Z20","01","endodermis","n_layers",1,"d"
"848","G","G10",24,"S4","C01","Z20","01","endodermis","order",3,"d"
"849","G","G10",24,"S4","C01","Z20","01","exodermis","cell_diameter",0.0285722222222222,"d"
"850","G","G10",24,"S4","C01","Z20","01","exodermis","n_layers",1,"d"
"851","G","G10",24,"S4","C01","Z20","01","exodermis","order",5,"d"
"852","G","G10",24,"S4","C01","Z20","01","epidermis","cell_diameter",0.007011,"d"
"853","G","G10",24,"S4","C01","Z20","01","epidermis","n_layers",1,"d"
"854","G","G10",24,"S4","C01","Z20","01","epidermis","order",6,"d"
"855","G","G10",24,"S4","C01","Z20","01","pericycle","cell_diameter",0.0100608,"d"
"856","G","G10",24,"S4","C01","Z20","01","pericycle","order",2,"d"
"857","G","G10",24,"S4","C01","Z20","01","pericycle","n_layers",1,"d"
"858","G","G10",24,"S4","C01","Z20","01","endodermis","barrier",0,"d"
"859","G","G10",24,"S4","C01","Z20","01","exodermis","barrier",2,"d"
"860","G","G10",24,"S4","C01","Z20","01","stele","n_layers",6,"d"
"861","G","G10",24,"S4","C01","Z20","01","stele","layer_diameter",0.1744,"d"
"862","G","G10",24,"S4","C01","Z20","01","cortex","n_layers",2,"d"
"863","G","G10",24,"S4","C01","Z20","01","phloem","n_files",3,"d"
"864","G","G10",24,"S4","C01","Z20","01","phloem","proportion",0.200229357798165,"d"
